121	397746	Mora Godoy cierra su escuela de tango y remata su vestuario para "poder seguir adelante"	@usuario Que baile cumbias con cris!!	Mora Godoy cierra su escuela de tango y remata su vestuario para “poder seguir adelante” https://t.co/O6ZQnxCE1p	1	Puede marcar con justeza la fecha de inicio de la crisis: hace 10 meses que no brinda clases. En cambio, no logra avizorar el día que concluirá: "No sabemos cuándo empezamos, cuando volvemos a trabajar. ¿Ideas? ¡(Tenemos) miles! Podemos hacer un show gratis al aire libre". Es por eso que, ante la falta de un horizonte, Mora Godoy decidió cerrar su escuela de danzas y rematar gran parte del vestuario para poder continuar adelante.  "Hace 20 años que estoy acá, pero llevo diez meses sin trabajar -le explicó la artista a Guillermo Andino en el programa Informados de todo, por América-. Este es mi lugar de ensayo, de creación. Y es muy duro. Para poder seguir adelante me tengo que desprender del lugar y rematar gran parte del vestuario. Que muchos bailarines y bailarines lo van a aprovechar porque el precio es muy bajo". Por caso, trajes, vestidos y zapatos se ofrecen a 500 pesos; también se pondrán en oferta distintos objetos de la Escuela Mora Godoy Tango, ubicada en Barrio Norte.  El inicio de la cuarentena obligatoria decretada para evitar la propagación del coronavirus puso en riesgo la actividad del espectáculo. Pero a diferencia de otros rubros, según Godoy la asistencia no llegó. "No entramos en el ATP, en el IFEm ni en los subsidios. Miles de millones (de pesos) se destinaron al turismo. Nosotros también somos turismo, porque vienen turistas. Los que más necesitamos no fuimos escuchados. Yo me voy a correr: hay chicos que están en una situación desesperante", alertó, y sostuvo que, por el contrario, a "empresarios que han tenido ingresos en dólares el año pasado, les han dudado subsidios".  Si bien respaldó la gestión de Alberto Fernández ("Voté y apoyo absolutamente al Gobierno", aclaró), habló de "funcionarios que funcionan bien, y otros que no tienen sensibilidad y que no están escuchando a los que más necesitan". "No tuvimos ningún tipo de respuesta -lamentó-. He intentado en distintos ministerios y hay poco escucha". En ese sentido, señaló una excepción en el ministro del Interior, Eduardo Wado de Pedro, con quien tiene previsto reunirse la semana próxima. "Se está preocupando de que hay áreas que no están funcionando", destacó.  Mora, que supo brillar en escenarios de todo el mundo y llegó a bailar tango con el ex presidente norteamericano Barack Obama durante una visita al país, explicó que en su escuela ya no se brindaban clases grupales "desde hace unos pocos años" porque "fue muy difícil sostenerla en Argentina, aunque parezca mentira". Sí se brindan clases privadas, que permitían sostener la escuela. Pero que están prohibidas por las medidas dispuestas por el Ministerio de Salud para enfrentar la pandemia.  En junio, durante una participación en Polémica en el Bar, Godoy ya había advertido sobre la delicada crisis que los bailarines tenían por delante. "No sabemos qué hacer... -deslizó-. Estoy un poco preocupada porque no se solucionó por el momento la problemática de los artistas".  En tanto, hace un mes Flavio Mendoza mantuvo un duro cruce al aire con Victoria Donda durante una emisión de PH. "Hay bailarines que están haciendo albañilería porque no tienen para comer. Consiguen para hacer un pequeño muro y van", señaló el coreógrafo. "Si no es urgente, vale más la vida", retrucó la titular del INADI, remarcando que ciertas actividades de la construcción no estaban habilitadas. "¡Por favor! La vida vale si hay un respeto en todo. Porque si no tenés para comer también te morís", concluyó el creador de Stravaganza.  SEGUÍ LEYENDO  Murió el periodista Juan Carlos Pérez Loizeau: tenía 91 años y había sido aislado por COVID  Pablo Echarri despidió a Diego Maradona y recordó una divertida anécdota: "¡Patinó y cayó arriba mío!"	1	0	0	0	0	0	0	0
122	397747	Mora Godoy cierra su escuela de tango y remata su vestuario para "poder seguir adelante"	@usuario T * U * G * O	Mora Godoy cierra su escuela de tango y remata su vestuario para “poder seguir adelante” https://t.co/O6ZQnxCE1p	1	Puede marcar con justeza la fecha de inicio de la crisis: hace 10 meses que no brinda clases. En cambio, no logra avizorar el día que concluirá: "No sabemos cuándo empezamos, cuando volvemos a trabajar. ¿Ideas? ¡(Tenemos) miles! Podemos hacer un show gratis al aire libre". Es por eso que, ante la falta de un horizonte, Mora Godoy decidió cerrar su escuela de danzas y rematar gran parte del vestuario para poder continuar adelante.  "Hace 20 años que estoy acá, pero llevo diez meses sin trabajar -le explicó la artista a Guillermo Andino en el programa Informados de todo, por América-. Este es mi lugar de ensayo, de creación. Y es muy duro. Para poder seguir adelante me tengo que desprender del lugar y rematar gran parte del vestuario. Que muchos bailarines y bailarines lo van a aprovechar porque el precio es muy bajo". Por caso, trajes, vestidos y zapatos se ofrecen a 500 pesos; también se pondrán en oferta distintos objetos de la Escuela Mora Godoy Tango, ubicada en Barrio Norte.  El inicio de la cuarentena obligatoria decretada para evitar la propagación del coronavirus puso en riesgo la actividad del espectáculo. Pero a diferencia de otros rubros, según Godoy la asistencia no llegó. "No entramos en el ATP, en el IFEm ni en los subsidios. Miles de millones (de pesos) se destinaron al turismo. Nosotros también somos turismo, porque vienen turistas. Los que más necesitamos no fuimos escuchados. Yo me voy a correr: hay chicos que están en una situación desesperante", alertó, y sostuvo que, por el contrario, a "empresarios que han tenido ingresos en dólares el año pasado, les han dudado subsidios".  Si bien respaldó la gestión de Alberto Fernández ("Voté y apoyo absolutamente al Gobierno", aclaró), habló de "funcionarios que funcionan bien, y otros que no tienen sensibilidad y que no están escuchando a los que más necesitan". "No tuvimos ningún tipo de respuesta -lamentó-. He intentado en distintos ministerios y hay poco escucha". En ese sentido, señaló una excepción en el ministro del Interior, Eduardo Wado de Pedro, con quien tiene previsto reunirse la semana próxima. "Se está preocupando de que hay áreas que no están funcionando", destacó.  Mora, que supo brillar en escenarios de todo el mundo y llegó a bailar tango con el ex presidente norteamericano Barack Obama durante una visita al país, explicó que en su escuela ya no se brindaban clases grupales "desde hace unos pocos años" porque "fue muy difícil sostenerla en Argentina, aunque parezca mentira". Sí se brindan clases privadas, que permitían sostener la escuela. Pero que están prohibidas por las medidas dispuestas por el Ministerio de Salud para enfrentar la pandemia.  En junio, durante una participación en Polémica en el Bar, Godoy ya había advertido sobre la delicada crisis que los bailarines tenían por delante. "No sabemos qué hacer... -deslizó-. Estoy un poco preocupada porque no se solucionó por el momento la problemática de los artistas".  En tanto, hace un mes Flavio Mendoza mantuvo un duro cruce al aire con Victoria Donda durante una emisión de PH. "Hay bailarines que están haciendo albañilería porque no tienen para comer. Consiguen para hacer un pequeño muro y van", señaló el coreógrafo. "Si no es urgente, vale más la vida", retrucó la titular del INADI, remarcando que ciertas actividades de la construcción no estaban habilitadas. "¡Por favor! La vida vale si hay un respeto en todo. Porque si no tenés para comer también te morís", concluyó el creador de Stravaganza.  SEGUÍ LEYENDO  Murió el periodista Juan Carlos Pérez Loizeau: tenía 91 años y había sido aislado por COVID  Pablo Echarri despidió a Diego Maradona y recordó una divertida anécdota: "¡Patinó y cayó arriba mío!"	0	0	0	0	0	0	1	0
123	397748	Mora Godoy cierra su escuela de tango y remata su vestuario para "poder seguir adelante"	@usuario Jodete, vos los votaste y los defendés, decile a la chorra qué te ayude.	Mora Godoy cierra su escuela de tango y remata su vestuario para “poder seguir adelante” https://t.co/O6ZQnxCE1p	1	Puede marcar con justeza la fecha de inicio de la crisis: hace 10 meses que no brinda clases. En cambio, no logra avizorar el día que concluirá: "No sabemos cuándo empezamos, cuando volvemos a trabajar. ¿Ideas? ¡(Tenemos) miles! Podemos hacer un show gratis al aire libre". Es por eso que, ante la falta de un horizonte, Mora Godoy decidió cerrar su escuela de danzas y rematar gran parte del vestuario para poder continuar adelante.  "Hace 20 años que estoy acá, pero llevo diez meses sin trabajar -le explicó la artista a Guillermo Andino en el programa Informados de todo, por América-. Este es mi lugar de ensayo, de creación. Y es muy duro. Para poder seguir adelante me tengo que desprender del lugar y rematar gran parte del vestuario. Que muchos bailarines y bailarines lo van a aprovechar porque el precio es muy bajo". Por caso, trajes, vestidos y zapatos se ofrecen a 500 pesos; también se pondrán en oferta distintos objetos de la Escuela Mora Godoy Tango, ubicada en Barrio Norte.  El inicio de la cuarentena obligatoria decretada para evitar la propagación del coronavirus puso en riesgo la actividad del espectáculo. Pero a diferencia de otros rubros, según Godoy la asistencia no llegó. "No entramos en el ATP, en el IFEm ni en los subsidios. Miles de millones (de pesos) se destinaron al turismo. Nosotros también somos turismo, porque vienen turistas. Los que más necesitamos no fuimos escuchados. Yo me voy a correr: hay chicos que están en una situación desesperante", alertó, y sostuvo que, por el contrario, a "empresarios que han tenido ingresos en dólares el año pasado, les han dudado subsidios".  Si bien respaldó la gestión de Alberto Fernández ("Voté y apoyo absolutamente al Gobierno", aclaró), habló de "funcionarios que funcionan bien, y otros que no tienen sensibilidad y que no están escuchando a los que más necesitan". "No tuvimos ningún tipo de respuesta -lamentó-. He intentado en distintos ministerios y hay poco escucha". En ese sentido, señaló una excepción en el ministro del Interior, Eduardo Wado de Pedro, con quien tiene previsto reunirse la semana próxima. "Se está preocupando de que hay áreas que no están funcionando", destacó.  Mora, que supo brillar en escenarios de todo el mundo y llegó a bailar tango con el ex presidente norteamericano Barack Obama durante una visita al país, explicó que en su escuela ya no se brindaban clases grupales "desde hace unos pocos años" porque "fue muy difícil sostenerla en Argentina, aunque parezca mentira". Sí se brindan clases privadas, que permitían sostener la escuela. Pero que están prohibidas por las medidas dispuestas por el Ministerio de Salud para enfrentar la pandemia.  En junio, durante una participación en Polémica en el Bar, Godoy ya había advertido sobre la delicada crisis que los bailarines tenían por delante. "No sabemos qué hacer... -deslizó-. Estoy un poco preocupada porque no se solucionó por el momento la problemática de los artistas".  En tanto, hace un mes Flavio Mendoza mantuvo un duro cruce al aire con Victoria Donda durante una emisión de PH. "Hay bailarines que están haciendo albañilería porque no tienen para comer. Consiguen para hacer un pequeño muro y van", señaló el coreógrafo. "Si no es urgente, vale más la vida", retrucó la titular del INADI, remarcando que ciertas actividades de la construcción no estaban habilitadas. "¡Por favor! La vida vale si hay un respeto en todo. Porque si no tenés para comer también te morís", concluyó el creador de Stravaganza.  SEGUÍ LEYENDO  Murió el periodista Juan Carlos Pérez Loizeau: tenía 91 años y había sido aislado por COVID  Pablo Echarri despidió a Diego Maradona y recordó una divertida anécdota: "¡Patinó y cayó arriba mío!"	0	0	0	1	1	0	0	0
124	397750	Mora Godoy cierra su escuela de tango y remata su vestuario para "poder seguir adelante"	@usuario Le cabe por comunista	Mora Godoy cierra su escuela de tango y remata su vestuario para “poder seguir adelante” https://t.co/O6ZQnxCE1p	1	Puede marcar con justeza la fecha de inicio de la crisis: hace 10 meses que no brinda clases. En cambio, no logra avizorar el día que concluirá: "No sabemos cuándo empezamos, cuando volvemos a trabajar. ¿Ideas? ¡(Tenemos) miles! Podemos hacer un show gratis al aire libre". Es por eso que, ante la falta de un horizonte, Mora Godoy decidió cerrar su escuela de danzas y rematar gran parte del vestuario para poder continuar adelante.  "Hace 20 años que estoy acá, pero llevo diez meses sin trabajar -le explicó la artista a Guillermo Andino en el programa Informados de todo, por América-. Este es mi lugar de ensayo, de creación. Y es muy duro. Para poder seguir adelante me tengo que desprender del lugar y rematar gran parte del vestuario. Que muchos bailarines y bailarines lo van a aprovechar porque el precio es muy bajo". Por caso, trajes, vestidos y zapatos se ofrecen a 500 pesos; también se pondrán en oferta distintos objetos de la Escuela Mora Godoy Tango, ubicada en Barrio Norte.  El inicio de la cuarentena obligatoria decretada para evitar la propagación del coronavirus puso en riesgo la actividad del espectáculo. Pero a diferencia de otros rubros, según Godoy la asistencia no llegó. "No entramos en el ATP, en el IFEm ni en los subsidios. Miles de millones (de pesos) se destinaron al turismo. Nosotros también somos turismo, porque vienen turistas. Los que más necesitamos no fuimos escuchados. Yo me voy a correr: hay chicos que están en una situación desesperante", alertó, y sostuvo que, por el contrario, a "empresarios que han tenido ingresos en dólares el año pasado, les han dudado subsidios".  Si bien respaldó la gestión de Alberto Fernández ("Voté y apoyo absolutamente al Gobierno", aclaró), habló de "funcionarios que funcionan bien, y otros que no tienen sensibilidad y que no están escuchando a los que más necesitan". "No tuvimos ningún tipo de respuesta -lamentó-. He intentado en distintos ministerios y hay poco escucha". En ese sentido, señaló una excepción en el ministro del Interior, Eduardo Wado de Pedro, con quien tiene previsto reunirse la semana próxima. "Se está preocupando de que hay áreas que no están funcionando", destacó.  Mora, que supo brillar en escenarios de todo el mundo y llegó a bailar tango con el ex presidente norteamericano Barack Obama durante una visita al país, explicó que en su escuela ya no se brindaban clases grupales "desde hace unos pocos años" porque "fue muy difícil sostenerla en Argentina, aunque parezca mentira". Sí se brindan clases privadas, que permitían sostener la escuela. Pero que están prohibidas por las medidas dispuestas por el Ministerio de Salud para enfrentar la pandemia.  En junio, durante una participación en Polémica en el Bar, Godoy ya había advertido sobre la delicada crisis que los bailarines tenían por delante. "No sabemos qué hacer... -deslizó-. Estoy un poco preocupada porque no se solucionó por el momento la problemática de los artistas".  En tanto, hace un mes Flavio Mendoza mantuvo un duro cruce al aire con Victoria Donda durante una emisión de PH. "Hay bailarines que están haciendo albañilería porque no tienen para comer. Consiguen para hacer un pequeño muro y van", señaló el coreógrafo. "Si no es urgente, vale más la vida", retrucó la titular del INADI, remarcando que ciertas actividades de la construcción no estaban habilitadas. "¡Por favor! La vida vale si hay un respeto en todo. Porque si no tenés para comer también te morís", concluyó el creador de Stravaganza.  SEGUÍ LEYENDO  Murió el periodista Juan Carlos Pérez Loizeau: tenía 91 años y había sido aislado por COVID  Pablo Echarri despidió a Diego Maradona y recordó una divertida anécdota: "¡Patinó y cayó arriba mío!"	0	0	0	0	1	0	0	0
125	397751	Mora Godoy cierra su escuela de tango y remata su vestuario para "poder seguir adelante"	@usuario El camino era Macri! Pero ñañañaña... jodete peroncha	Mora Godoy cierra su escuela de tango y remata su vestuario para “poder seguir adelante” https://t.co/O6ZQnxCE1p	1	Puede marcar con justeza la fecha de inicio de la crisis: hace 10 meses que no brinda clases. En cambio, no logra avizorar el día que concluirá: "No sabemos cuándo empezamos, cuando volvemos a trabajar. ¿Ideas? ¡(Tenemos) miles! Podemos hacer un show gratis al aire libre". Es por eso que, ante la falta de un horizonte, Mora Godoy decidió cerrar su escuela de danzas y rematar gran parte del vestuario para poder continuar adelante.  "Hace 20 años que estoy acá, pero llevo diez meses sin trabajar -le explicó la artista a Guillermo Andino en el programa Informados de todo, por América-. Este es mi lugar de ensayo, de creación. Y es muy duro. Para poder seguir adelante me tengo que desprender del lugar y rematar gran parte del vestuario. Que muchos bailarines y bailarines lo van a aprovechar porque el precio es muy bajo". Por caso, trajes, vestidos y zapatos se ofrecen a 500 pesos; también se pondrán en oferta distintos objetos de la Escuela Mora Godoy Tango, ubicada en Barrio Norte.  El inicio de la cuarentena obligatoria decretada para evitar la propagación del coronavirus puso en riesgo la actividad del espectáculo. Pero a diferencia de otros rubros, según Godoy la asistencia no llegó. "No entramos en el ATP, en el IFEm ni en los subsidios. Miles de millones (de pesos) se destinaron al turismo. Nosotros también somos turismo, porque vienen turistas. Los que más necesitamos no fuimos escuchados. Yo me voy a correr: hay chicos que están en una situación desesperante", alertó, y sostuvo que, por el contrario, a "empresarios que han tenido ingresos en dólares el año pasado, les han dudado subsidios".  Si bien respaldó la gestión de Alberto Fernández ("Voté y apoyo absolutamente al Gobierno", aclaró), habló de "funcionarios que funcionan bien, y otros que no tienen sensibilidad y que no están escuchando a los que más necesitan". "No tuvimos ningún tipo de respuesta -lamentó-. He intentado en distintos ministerios y hay poco escucha". En ese sentido, señaló una excepción en el ministro del Interior, Eduardo Wado de Pedro, con quien tiene previsto reunirse la semana próxima. "Se está preocupando de que hay áreas que no están funcionando", destacó.  Mora, que supo brillar en escenarios de todo el mundo y llegó a bailar tango con el ex presidente norteamericano Barack Obama durante una visita al país, explicó que en su escuela ya no se brindaban clases grupales "desde hace unos pocos años" porque "fue muy difícil sostenerla en Argentina, aunque parezca mentira". Sí se brindan clases privadas, que permitían sostener la escuela. Pero que están prohibidas por las medidas dispuestas por el Ministerio de Salud para enfrentar la pandemia.  En junio, durante una participación en Polémica en el Bar, Godoy ya había advertido sobre la delicada crisis que los bailarines tenían por delante. "No sabemos qué hacer... -deslizó-. Estoy un poco preocupada porque no se solucionó por el momento la problemática de los artistas".  En tanto, hace un mes Flavio Mendoza mantuvo un duro cruce al aire con Victoria Donda durante una emisión de PH. "Hay bailarines que están haciendo albañilería porque no tienen para comer. Consiguen para hacer un pequeño muro y van", señaló el coreógrafo. "Si no es urgente, vale más la vida", retrucó la titular del INADI, remarcando que ciertas actividades de la construcción no estaban habilitadas. "¡Por favor! La vida vale si hay un respeto en todo. Porque si no tenés para comer también te morís", concluyó el creador de Stravaganza.  SEGUÍ LEYENDO  Murió el periodista Juan Carlos Pérez Loizeau: tenía 91 años y había sido aislado por COVID  Pablo Echarri despidió a Diego Maradona y recordó una divertida anécdota: "¡Patinó y cayó arriba mío!"	0	0	0	0	1	0	0	0
126	397752	Mora Godoy cierra su escuela de tango y remata su vestuario para "poder seguir adelante"	@usuario Jodete vos puteaste  a Macri que te hizo conocer en el mundo y votaste a estas lacra que te cagaron.	Mora Godoy cierra su escuela de tango y remata su vestuario para “poder seguir adelante” https://t.co/O6ZQnxCE1p	1	Puede marcar con justeza la fecha de inicio de la crisis: hace 10 meses que no brinda clases. En cambio, no logra avizorar el día que concluirá: "No sabemos cuándo empezamos, cuando volvemos a trabajar. ¿Ideas? ¡(Tenemos) miles! Podemos hacer un show gratis al aire libre". Es por eso que, ante la falta de un horizonte, Mora Godoy decidió cerrar su escuela de danzas y rematar gran parte del vestuario para poder continuar adelante.  "Hace 20 años que estoy acá, pero llevo diez meses sin trabajar -le explicó la artista a Guillermo Andino en el programa Informados de todo, por América-. Este es mi lugar de ensayo, de creación. Y es muy duro. Para poder seguir adelante me tengo que desprender del lugar y rematar gran parte del vestuario. Que muchos bailarines y bailarines lo van a aprovechar porque el precio es muy bajo". Por caso, trajes, vestidos y zapatos se ofrecen a 500 pesos; también se pondrán en oferta distintos objetos de la Escuela Mora Godoy Tango, ubicada en Barrio Norte.  El inicio de la cuarentena obligatoria decretada para evitar la propagación del coronavirus puso en riesgo la actividad del espectáculo. Pero a diferencia de otros rubros, según Godoy la asistencia no llegó. "No entramos en el ATP, en el IFEm ni en los subsidios. Miles de millones (de pesos) se destinaron al turismo. Nosotros también somos turismo, porque vienen turistas. Los que más necesitamos no fuimos escuchados. Yo me voy a correr: hay chicos que están en una situación desesperante", alertó, y sostuvo que, por el contrario, a "empresarios que han tenido ingresos en dólares el año pasado, les han dudado subsidios".  Si bien respaldó la gestión de Alberto Fernández ("Voté y apoyo absolutamente al Gobierno", aclaró), habló de "funcionarios que funcionan bien, y otros que no tienen sensibilidad y que no están escuchando a los que más necesitan". "No tuvimos ningún tipo de respuesta -lamentó-. He intentado en distintos ministerios y hay poco escucha". En ese sentido, señaló una excepción en el ministro del Interior, Eduardo Wado de Pedro, con quien tiene previsto reunirse la semana próxima. "Se está preocupando de que hay áreas que no están funcionando", destacó.  Mora, que supo brillar en escenarios de todo el mundo y llegó a bailar tango con el ex presidente norteamericano Barack Obama durante una visita al país, explicó que en su escuela ya no se brindaban clases grupales "desde hace unos pocos años" porque "fue muy difícil sostenerla en Argentina, aunque parezca mentira". Sí se brindan clases privadas, que permitían sostener la escuela. Pero que están prohibidas por las medidas dispuestas por el Ministerio de Salud para enfrentar la pandemia.  En junio, durante una participación en Polémica en el Bar, Godoy ya había advertido sobre la delicada crisis que los bailarines tenían por delante. "No sabemos qué hacer... -deslizó-. Estoy un poco preocupada porque no se solucionó por el momento la problemática de los artistas".  En tanto, hace un mes Flavio Mendoza mantuvo un duro cruce al aire con Victoria Donda durante una emisión de PH. "Hay bailarines que están haciendo albañilería porque no tienen para comer. Consiguen para hacer un pequeño muro y van", señaló el coreógrafo. "Si no es urgente, vale más la vida", retrucó la titular del INADI, remarcando que ciertas actividades de la construcción no estaban habilitadas. "¡Por favor! La vida vale si hay un respeto en todo. Porque si no tenés para comer también te morís", concluyó el creador de Stravaganza.  SEGUÍ LEYENDO  Murió el periodista Juan Carlos Pérez Loizeau: tenía 91 años y había sido aislado por COVID  Pablo Echarri despidió a Diego Maradona y recordó una divertida anécdota: "¡Patinó y cayó arriba mío!"	0	0	0	0	1	0	0	0
127	405163	Limpiar la basura arrojada en la marcha por Milagro Sala costó 570 mil pesos	@usuario @usuario Por qué no hacen limpiar a los sucios planeros	Limpiar la basura arrojada en la marcha por Milagro Sala costó 570 mil pesos https://t.co/q9utmSZXKq	1	Unas cinco mil pesonas protestaron el sábado, convocadas por La Campora y otras agrupaciones kirchneristas, contra la Corte Suprema y por la liberación de Milagro Sala, condenada por el desvío de unos $60 millones para viviendas que no se construyeron y que desaparecieron.  Las imágenes mostraban decenas de bolsas de basura arrojadas en el frente del Palacio de Tribunales. Las cinco mil personas que no guardaron la distancia social se movilizaron y organizaron una puesta en escena a la que denominaron "El basurero de la democracia", en alusión de la Corte.  Así fue que arrojaron unas cuatro toneladas de residuos que, una vez terminada la protesta, fue recogida por el Gobierno de la Ciudad.  ¿Cuánto le costó a la Ciudad la limpieza y el arreglo del césped de la Plaza Lavalle? La módica suma de $572 mil que incluyó el hidrolavado y el barrido manual. A eso habría que sumarle el costo por seguridad, es decir, los agentes que fueron sacados de fuerzas especiales para disponerlas al control de la marcha.  En se contexto, el diputado porteño por el oficialismo Sergio Abrevaya (GEN) cuestionó que "atacan a la Corte con basura y los porteños pagamos para levantarla".  El legislador porteño Sergio Abrevaya (GEN). Foto: Pedro Lázaro Fernández.  "Es urgente que se apruebe mi proyecto que pide que la Nación se haga cargo de los gastos en manifestaciones por temas nacionales. Defiendo a la Corte, es un disparate lo que hicieron al insultarla arrojándole basura en la manifestación por Milagro Sala. Siguen atacando a la Corte en busca de impunidad, esta Argentina feudal no para de arrasar instituciones y ensuciar todo a su paso. A esto me refiero cuando pido cobrarle al Gobierno Nacional", expresó el legislador porteño.  Abrevaya aseguró que "no es posible que los porteños sigamos cargando con estos gastos solamente por ser sede de los tres poderes de la Nación. Además, tiraron basura extra, como una burla a las Instituciones y los porteños que la tenemos que levantar. Mi proyecto debe aprobarse y la Nación debe pagar".  Entre las organizaciones que se manifestaron, además de La Cámpora, estuvieron el Movimiento Popular Evita para la Victoria, Militancia Popular, Frente Aníbal Verón, Patria Justa y Frente Milagro Sala. En tanto la titular del Ministerio de Mujeres, Elizabeth Gómez Alcorta respaldó el reclamó vía Twitter.	0	0	0	1	0	0	0	0
128	405191	Limpiar la basura arrojada en la marcha por Milagro Sala costó 570 mil pesos	@usuario Entre la negrada y los corruptos éste país está condenado.	Limpiar la basura arrojada en la marcha por Milagro Sala costó 570 mil pesos https://t.co/q9utmSZXKq	1	Unas cinco mil pesonas protestaron el sábado, convocadas por La Campora y otras agrupaciones kirchneristas, contra la Corte Suprema y por la liberación de Milagro Sala, condenada por el desvío de unos $60 millones para viviendas que no se construyeron y que desaparecieron.  Las imágenes mostraban decenas de bolsas de basura arrojadas en el frente del Palacio de Tribunales. Las cinco mil personas que no guardaron la distancia social se movilizaron y organizaron una puesta en escena a la que denominaron "El basurero de la democracia", en alusión de la Corte.  Así fue que arrojaron unas cuatro toneladas de residuos que, una vez terminada la protesta, fue recogida por el Gobierno de la Ciudad.  ¿Cuánto le costó a la Ciudad la limpieza y el arreglo del césped de la Plaza Lavalle? La módica suma de $572 mil que incluyó el hidrolavado y el barrido manual. A eso habría que sumarle el costo por seguridad, es decir, los agentes que fueron sacados de fuerzas especiales para disponerlas al control de la marcha.  En se contexto, el diputado porteño por el oficialismo Sergio Abrevaya (GEN) cuestionó que "atacan a la Corte con basura y los porteños pagamos para levantarla".  El legislador porteño Sergio Abrevaya (GEN). Foto: Pedro Lázaro Fernández.  "Es urgente que se apruebe mi proyecto que pide que la Nación se haga cargo de los gastos en manifestaciones por temas nacionales. Defiendo a la Corte, es un disparate lo que hicieron al insultarla arrojándole basura en la manifestación por Milagro Sala. Siguen atacando a la Corte en busca de impunidad, esta Argentina feudal no para de arrasar instituciones y ensuciar todo a su paso. A esto me refiero cuando pido cobrarle al Gobierno Nacional", expresó el legislador porteño.  Abrevaya aseguró que "no es posible que los porteños sigamos cargando con estos gastos solamente por ser sede de los tres poderes de la Nación. Además, tiraron basura extra, como una burla a las Instituciones y los porteños que la tenemos que levantar. Mi proyecto debe aprobarse y la Nación debe pagar".  Entre las organizaciones que se manifestaron, además de La Cámpora, estuvieron el Movimiento Popular Evita para la Victoria, Militancia Popular, Frente Aníbal Verón, Patria Justa y Frente Milagro Sala. En tanto la titular del Ministerio de Mujeres, Elizabeth Gómez Alcorta respaldó el reclamó vía Twitter.	0	0	1	1	0	0	0	0
129	405195	Limpiar la basura arrojada en la marcha por Milagro Sala costó 570 mil pesos	@usuario Nada más representativo que la basura si se trata de esa negra culo sucio.	Limpiar la basura arrojada en la marcha por Milagro Sala costó 570 mil pesos https://t.co/q9utmSZXKq	1	Unas cinco mil pesonas protestaron el sábado, convocadas por La Campora y otras agrupaciones kirchneristas, contra la Corte Suprema y por la liberación de Milagro Sala, condenada por el desvío de unos $60 millones para viviendas que no se construyeron y que desaparecieron.  Las imágenes mostraban decenas de bolsas de basura arrojadas en el frente del Palacio de Tribunales. Las cinco mil personas que no guardaron la distancia social se movilizaron y organizaron una puesta en escena a la que denominaron "El basurero de la democracia", en alusión de la Corte.  Así fue que arrojaron unas cuatro toneladas de residuos que, una vez terminada la protesta, fue recogida por el Gobierno de la Ciudad.  ¿Cuánto le costó a la Ciudad la limpieza y el arreglo del césped de la Plaza Lavalle? La módica suma de $572 mil que incluyó el hidrolavado y el barrido manual. A eso habría que sumarle el costo por seguridad, es decir, los agentes que fueron sacados de fuerzas especiales para disponerlas al control de la marcha.  En se contexto, el diputado porteño por el oficialismo Sergio Abrevaya (GEN) cuestionó que "atacan a la Corte con basura y los porteños pagamos para levantarla".  El legislador porteño Sergio Abrevaya (GEN). Foto: Pedro Lázaro Fernández.  "Es urgente que se apruebe mi proyecto que pide que la Nación se haga cargo de los gastos en manifestaciones por temas nacionales. Defiendo a la Corte, es un disparate lo que hicieron al insultarla arrojándole basura en la manifestación por Milagro Sala. Siguen atacando a la Corte en busca de impunidad, esta Argentina feudal no para de arrasar instituciones y ensuciar todo a su paso. A esto me refiero cuando pido cobrarle al Gobierno Nacional", expresó el legislador porteño.  Abrevaya aseguró que "no es posible que los porteños sigamos cargando con estos gastos solamente por ser sede de los tres poderes de la Nación. Además, tiraron basura extra, como una burla a las Instituciones y los porteños que la tenemos que levantar. Mi proyecto debe aprobarse y la Nación debe pagar".  Entre las organizaciones que se manifestaron, además de La Cámpora, estuvieron el Movimiento Popular Evita para la Victoria, Militancia Popular, Frente Aníbal Verón, Patria Justa y Frente Milagro Sala. En tanto la titular del Ministerio de Mujeres, Elizabeth Gómez Alcorta respaldó el reclamó vía Twitter.	0	0	1	0	0	0	0	0
130	405201	Limpiar la basura arrojada en la marcha por Milagro Sala costó 570 mil pesos	@usuario Encima mugrientos.   Kirchneristas de mierda.	Limpiar la basura arrojada en la marcha por Milagro Sala costó 570 mil pesos https://t.co/q9utmSZXKq	1	Unas cinco mil pesonas protestaron el sábado, convocadas por La Campora y otras agrupaciones kirchneristas, contra la Corte Suprema y por la liberación de Milagro Sala, condenada por el desvío de unos $60 millones para viviendas que no se construyeron y que desaparecieron.  Las imágenes mostraban decenas de bolsas de basura arrojadas en el frente del Palacio de Tribunales. Las cinco mil personas que no guardaron la distancia social se movilizaron y organizaron una puesta en escena a la que denominaron "El basurero de la democracia", en alusión de la Corte.  Así fue que arrojaron unas cuatro toneladas de residuos que, una vez terminada la protesta, fue recogida por el Gobierno de la Ciudad.  ¿Cuánto le costó a la Ciudad la limpieza y el arreglo del césped de la Plaza Lavalle? La módica suma de $572 mil que incluyó el hidrolavado y el barrido manual. A eso habría que sumarle el costo por seguridad, es decir, los agentes que fueron sacados de fuerzas especiales para disponerlas al control de la marcha.  En se contexto, el diputado porteño por el oficialismo Sergio Abrevaya (GEN) cuestionó que "atacan a la Corte con basura y los porteños pagamos para levantarla".  El legislador porteño Sergio Abrevaya (GEN). Foto: Pedro Lázaro Fernández.  "Es urgente que se apruebe mi proyecto que pide que la Nación se haga cargo de los gastos en manifestaciones por temas nacionales. Defiendo a la Corte, es un disparate lo que hicieron al insultarla arrojándole basura en la manifestación por Milagro Sala. Siguen atacando a la Corte en busca de impunidad, esta Argentina feudal no para de arrasar instituciones y ensuciar todo a su paso. A esto me refiero cuando pido cobrarle al Gobierno Nacional", expresó el legislador porteño.  Abrevaya aseguró que "no es posible que los porteños sigamos cargando con estos gastos solamente por ser sede de los tres poderes de la Nación. Además, tiraron basura extra, como una burla a las Instituciones y los porteños que la tenemos que levantar. Mi proyecto debe aprobarse y la Nación debe pagar".  Entre las organizaciones que se manifestaron, además de La Cámpora, estuvieron el Movimiento Popular Evita para la Victoria, Militancia Popular, Frente Aníbal Verón, Patria Justa y Frente Milagro Sala. En tanto la titular del Ministerio de Mujeres, Elizabeth Gómez Alcorta respaldó el reclamó vía Twitter.	0	0	0	0	1	0	0	0
